From,To,Species,Gene,Name,,,,,,,,,,
TDRKH,TDRKH,Homo,sapiens,tudor,and,KH,domain,containing(TDRKH),,,,,,
MAML1,MAML1,Homo,sapiens,mastermind,like,transcriptional,coactivator,1(MAML1),,,,,,
PGAP3,PGAP3,Homo,sapiens,post-GPI,attachment,to,proteins,phospholipase,3(PGAP3),,,,,
MT-TT,MT-TT,Homo,sapiens,mitochondrially,encoded,tRNA,threonine(MT-TT),,,,,,,
FLJ12825,FLJ12825,Homo,sapiens,uncharacterized,LOC440101(FLJ12825),,,,,,,,,
SMC3,SMC3,Homo,sapiens,structural,maintenance,of,chromosomes,3(SMC3),,,,,,
ENO4,ENO4,Homo,sapiens,enolase,4(ENO4),,,,,,,,,
LIPE,LIPE,Homo,sapiens,lipase,"E,",hormone,sensitive,type(LIPE),,,,,,
HTR7,HTR7,Homo,sapiens,5-hydroxytryptamine,receptor,7(HTR7),,,,,,,,
SCN11A,SCN11A,Homo,sapiens,sodium,voltage-gated,channel,alpha,subunit,11(SCN11A),,,,,
WDR90,WDR90,Homo,sapiens,WD,repeat,domain,90(WDR90),,,,,,,
AP1S1,AP1S1,Homo,sapiens,adaptor,related,protein,complex,1,subunit,sigma,1(AP1S1),,,
GAMT,GAMT,Homo,sapiens,guanidinoacetate,N-methyltransferase(GAMT),,,,,,,,,
GSTK1,GSTK1,Homo,sapiens,glutathione,S-transferase,kappa,1(GSTK1),,,,,,,
NKX2-8,NKX2-8,Homo,sapiens,NK2,homeobox,8(NKX2-8),,,,,,,,
UNC5B,UNC5B,Homo,sapiens,unc-5,netrin,receptor,B(UNC5B),,,,,,,
DAPK2,DAPK2,Homo,sapiens,death,associated,protein,kinase,2(DAPK2),,,,,,
RC3H1,RC3H1,Homo,sapiens,ring,finger,and,CCCH-type,domains,1(RC3H1),,,,,
SYTL4,SYTL4,Homo,sapiens,synaptotagmin,like,4(SYTL4),,,,,,,,
SYTL2,SYTL2,Homo,sapiens,synaptotagmin,like,2(SYTL2),,,,,,,,
SIGIRR,SIGIRR,Homo,sapiens,single,Ig,and,TIR,domain,containing(SIGIRR),,,,,
ABCA10,ABCA10,Homo,sapiens,ATP,binding,cassette,subfamily,A,member,10(ABCA10),,,,
ZC2HC1A,ZC2HC1A,Homo,sapiens,zinc,finger,C2HC-type,containing,1A(ZC2HC1A),,,,,,
PRKAR1B,PRKAR1B,Homo,sapiens,protein,kinase,cAMP-dependent,type,I,regulatory,subunit,beta(PRKAR1B),,,
TEP1,TEP1,Homo,sapiens,telomerase,associated,protein,1(TEP1),,,,,,,
SARNP,SARNP,Homo,sapiens,SAP,domain,containing,ribonucleoprotein(SARNP),,,,,,,
PSME4,PSME4,Homo,sapiens,proteasome,activator,subunit,4(PSME4),,,,,,,
FEZ2,FEZ2,Homo,sapiens,fasciculation,and,elongation,protein,zeta,2(FEZ2),,,,,
PLBD2,PLBD2,Homo,sapiens,phospholipase,B,domain,containing,2(PLBD2),,,,,,
GNE,GNE,Homo,sapiens,glucosamine,(UDP-N-acetyl)-2-epimerase/N-acetylmannosamine,kinase(GNE),,,,,,,,
CDC42SE1,CDC42SE1,Homo,sapiens,CDC42,small,effector,1(CDC42SE1),,,,,,,
FICD,FICD,Homo,sapiens,FIC,domain,protein,adenylyltransferase(FICD),,,,,,,
CRABP2,CRABP2,Homo,sapiens,cellular,retinoic,acid,binding,protein,2(CRABP2),,,,,
RPL32P33,RPL32P33,Homo,sapiens,ribosomal,protein,L32,pseudogene,33(RPL32P33),,,,,,
GJC1,GJC1,Homo,sapiens,gap,junction,protein,gamma,1(GJC1),,,,,,
FAM221A,FAM221A,Homo,sapiens,family,with,sequence,similarity,221,member,A(FAM221A),,,,
RNF213,RNF213,Homo,sapiens,ring,finger,protein,213(RNF213),,,,,,,
ZFPM2-AS1,ZFPM2-AS1,Homo,sapiens,ZFPM2,antisense,RNA,1(ZFPM2-AS1),,,,,,,
RAD21,RAD21,Homo,sapiens,RAD21,cohesin,complex,component(RAD21),,,,,,,
ADAMTS17,ADAMTS17,Homo,sapiens,ADAM,metallopeptidase,with,thrombospondin,type,1,motif,17(ADAMTS17),,,
PIP5K1C,PIP5K1C,Homo,sapiens,phosphatidylinositol-4-phosphate,5-kinase,type,1,gamma(PIP5K1C),,,,,,
PRR22,PRR22,Homo,sapiens,proline,rich,22(PRR22),,,,,,,,
ZNF266,ZNF266,Homo,sapiens,zinc,finger,protein,266(ZNF266),,,,,,,
ARL14EP,ARL14EP,Homo,sapiens,ADP,ribosylation,factor,like,GTPase,14,effector,protein(ARL14EP),,,
DNAH11,DNAH11,Homo,sapiens,dynein,axonemal,heavy,chain,11(DNAH11),,,,,,
PRPF38A,PRPF38A,Homo,sapiens,pre-mRNA,processing,factor,38A(PRPF38A),,,,,,,
PLK2,PLK2,Homo,sapiens,polo,like,kinase,2(PLK2),,,,,,,
FN1,FN1,Homo,sapiens,fibronectin,1(FN1),,,,,,,,,
LARP7,LARP7,Homo,sapiens,La,ribonucleoprotein,"7,",transcriptional,regulator(LARP7),,,,,,
FHDC1,FHDC1,Homo,sapiens,FH2,domain,containing,1(FHDC1),,,,,,,
GRIN2B,GRIN2B,Homo,sapiens,glutamate,ionotropic,receptor,NMDA,type,subunit,2B(GRIN2B),,,,
PBX1,PBX1,Homo,sapiens,PBX,homeobox,1(PBX1),,,,,,,,
H19,H19,Homo,sapiens,H19,imprinted,maternally,expressed,transcript(H19),,,,,,
DUS1L,DUS1L,Homo,sapiens,dihydrouridine,synthase,1,like(DUS1L),,,,,,,
FAM86JP,FAM86JP,Homo,sapiens,family,with,sequence,similarity,86,member,"J,",pseudogene(FAM86JP),,,
DENND1B,DENND1B,Homo,sapiens,DENN,domain,containing,1B(DENND1B),,,,,,,
BTG2,BTG2,Homo,sapiens,BTG,anti-proliferation,factor,2(BTG2),,,,,,,
LRRC34,LRRC34,Homo,sapiens,leucine,rich,repeat,containing,34(LRRC34),,,,,,
LRSAM1,LRSAM1,Homo,sapiens,leucine,rich,repeat,and,sterile,alpha,motif,containing,1(LRSAM1),,
ADO,ADO,Homo,sapiens,2-aminoethanethiol,dioxygenase(ADO),,,,,,,,,
WDR45,WDR45,Homo,sapiens,WD,repeat,domain,45(WDR45),,,,,,,
ZNF48,ZNF48,Homo,sapiens,zinc,finger,protein,48(ZNF48),,,,,,,
PQBP1,PQBP1,Homo,sapiens,polyglutamine,binding,protein,1(PQBP1),,,,,,,
LETM2,LETM2,Homo,sapiens,leucine,zipper,and,EF-hand,containing,transmembrane,protein,2(LETM2),,,
GLI2,GLI2,Homo,sapiens,GLI,family,zinc,finger,2(GLI2),,,,,,
UBL5,UBL5,Homo,sapiens,ubiquitin,like,5(UBL5),,,,,,,,
C1QTNF1,C1QTNF1,Homo,sapiens,C1q,and,TNF,related,1(C1QTNF1),,,,,,
CHAF1A,CHAF1A,Homo,sapiens,chromatin,assembly,factor,1,subunit,A(CHAF1A),,,,,
C19ORF12,C19orf12,Homo,sapiens,chromosome,19,open,reading,frame,12(C19orf12),,,,,
ZSCAN5A,ZSCAN5A,Homo,sapiens,zinc,finger,and,SCAN,domain,containing,5A(ZSCAN5A),,,,
DFFA,DFFA,Homo,sapiens,DNA,fragmentation,factor,subunit,alpha(DFFA),,,,,,
GPR35,GPR35,Homo,sapiens,G,protein-coupled,receptor,35(GPR35),,,,,,,
TMC6,TMC6,Homo,sapiens,transmembrane,channel,like,6(TMC6),,,,,,,
SIRT7,SIRT7,Homo,sapiens,sirtuin,7(SIRT7),,,,,,,,,
TMC4,TMC4,Homo,sapiens,transmembrane,channel,like,4(TMC4),,,,,,,
CCSAP,CCSAP,Homo,sapiens,"centriole,",cilia,and,spindle,associated,protein(CCSAP),,,,,
CDC20B,CDC20B,Homo,sapiens,cell,division,cycle,20B(CDC20B),,,,,,,
TMEM177,TMEM177,Homo,sapiens,transmembrane,protein,177(TMEM177),,,,,,,,
MED25,MED25,Homo,sapiens,mediator,complex,subunit,25(MED25),,,,,,,
PSMA1,PSMA1,Homo,sapiens,proteasome,20S,subunit,alpha,1(PSMA1),,,,,,
HEATR5A,HEATR5A,Homo,sapiens,HEAT,repeat,containing,5A(HEATR5A),,,,,,,
PLSCR4,PLSCR4,Homo,sapiens,phospholipid,scramblase,4(PLSCR4),,,,,,,,
MMP19,MMP19,Homo,sapiens,matrix,metallopeptidase,19(MMP19),,,,,,,,
PIGM,PIGM,Homo,sapiens,phosphatidylinositol,glycan,anchor,biosynthesis,class,M(PIGM),,,,,
RCCD1,RCCD1,Homo,sapiens,RCC1,domain,containing,1(RCCD1),,,,,,,
VAMP5,VAMP5,Homo,sapiens,vesicle,associated,membrane,protein,5(VAMP5),,,,,,
GAS7,GAS7,Homo,sapiens,growth,arrest,specific,7(GAS7),,,,,,,
ZNF595,ZNF595,Homo,sapiens,zinc,finger,protein,595(ZNF595),,,,,,,
GRAMD1C,GRAMD1C,Homo,sapiens,GRAM,domain,containing,1C(GRAMD1C),,,,,,,
AP5Z1,AP5Z1,Homo,sapiens,adaptor,related,protein,complex,5,subunit,zeta,1(AP5Z1),,,
CIPC,CIPC,Homo,sapiens,CLOCK,interacting,pacemaker(CIPC),,,,,,,,
HTT,HTT,Homo,sapiens,huntingtin(HTT),,,,,,,,,,
WNT8B,WNT8B,Homo,sapiens,Wnt,family,member,8B(WNT8B),,,,,,,
CCNDBP1,CCNDBP1,Homo,sapiens,cyclin,D1,binding,protein,1(CCNDBP1),,,,,,
HSPA13,HSPA13,Homo,sapiens,heat,shock,protein,family,A,(Hsp70),member,13(HSPA13),,,
MRPL55,MRPL55,Homo,sapiens,mitochondrial,ribosomal,protein,L55(MRPL55),,,,,,,
TMEM168,TMEM168,Homo,sapiens,transmembrane,protein,168(TMEM168),,,,,,,,
GGA3,GGA3,Homo,sapiens,golgi,"associated,",gamma,adaptin,ear,"containing,",ARF,binding,protein,3(GGA3),
PLAGL1,PLAGL1,Homo,sapiens,PLAG1,like,zinc,finger,1(PLAGL1),,,,,,
STX6,STX6,Homo,sapiens,syntaxin,6(STX6),,,,,,,,,
DYNLL1P4,DYNLL1P4,Homo,sapiens,dynein,light,chain,LC8-type,1,pseudogene,4(DYNLL1P4),,,,
GAPDHP22,GAPDHP22,Homo,sapiens,glyceraldehyde,3,phosphate,dehydrogenase,pseudogene,22(GAPDHP22),,,,,
AGA,AGA,Homo,sapiens,aspartylglucosaminidase(AGA),,,,,,,,,,
RABAC1,RABAC1,Homo,sapiens,Rab,acceptor,1(RABAC1),,,,,,,,
PAIP2,PAIP2,Homo,sapiens,poly(A),binding,protein,interacting,protein,2(PAIP2),,,,,
P4HTM,P4HTM,Homo,sapiens,prolyl,"4-hydroxylase,",transmembrane(P4HTM),,,,,,,,
ZSWIM5,ZSWIM5,Homo,sapiens,zinc,finger,SWIM-type,containing,5(ZSWIM5),,,,,,
GPR158,GPR158,Homo,sapiens,G,protein-coupled,receptor,158(GPR158),,,,,,,
APOL2,APOL2,Homo,sapiens,apolipoprotein,L2(APOL2),,,,,,,,,
CENPT,CENPT,Homo,sapiens,centromere,protein,T(CENPT),,,,,,,,
FARP2,FARP2,Homo,sapiens,"FERM,",ARH/RhoGEF,and,pleckstrin,domain,protein,2(FARP2),,,,
CDKN2C,CDKN2C,Homo,sapiens,cyclin,dependent,kinase,inhibitor,2C(CDKN2C),,,,,,
NDE1,NDE1,Homo,sapiens,nudE,neurodevelopment,protein,1(NDE1),,,,,,,
TARBP1,TARBP1,Homo,sapiens,TAR,(HIV-1),RNA,binding,protein,1(TARBP1),,,,,
LYRM1,LYRM1,Homo,sapiens,LYR,motif,containing,1(LYRM1),,,,,,,
AADAC,AADAC,Homo,sapiens,arylacetamide,deacetylase(AADAC),,,,,,,,,
LPCAT4,LPCAT4,Homo,sapiens,lysophosphatidylcholine,acyltransferase,4(LPCAT4),,,,,,,,
CLCF1,CLCF1,Homo,sapiens,cardiotrophin,like,cytokine,factor,1(CLCF1),,,,,,
VMA21,VMA21,Homo,sapiens,vacuolar,ATPase,assembly,factor,VMA21(VMA21),,,,,,
SNX14,SNX14,Homo,sapiens,sorting,nexin,14(SNX14),,,,,,,,
MSRB2,MSRB2,Homo,sapiens,methionine,sulfoxide,reductase,B2(MSRB2),,,,,,,
CENPO,CENPO,Homo,sapiens,centromere,protein,O(CENPO),,,,,,,,
ZNF573,ZNF573,Homo,sapiens,zinc,finger,protein,573(ZNF573),,,,,,,
ATP8A1,ATP8A1,Homo,sapiens,ATPase,phospholipid,transporting,8A1(ATP8A1),,,,,,,
ANKRD36,ANKRD36,Homo,sapiens,ankyrin,repeat,domain,36(ANKRD36),,,,,,,
PDCD6,PDCD6,Homo,sapiens,programmed,cell,death,6(PDCD6),,,,,,,
UCKL1-AS1,UCKL1-AS1,Homo,sapiens,UCKL1,antisense,RNA,1(UCKL1-AS1),,,,,,,
LTN1,LTN1,Homo,sapiens,listerin,E3,ubiquitin,protein,ligase,1(LTN1),,,,,
THAP9-AS1,THAP9-AS1,Homo,sapiens,THAP9,antisense,RNA,1(THAP9-AS1),,,,,,,
SESN2,SESN2,Homo,sapiens,sestrin,2(SESN2),,,,,,,,,
OIP5,OIP5,Homo,sapiens,Opa,interacting,protein,5(OIP5),,,,,,,
MAP3K6,MAP3K6,Homo,sapiens,mitogen-activated,protein,kinase,kinase,kinase,6(MAP3K6),,,,,
NUDT14,NUDT14,Homo,sapiens,nudix,hydrolase,14(NUDT14),,,,,,,,
SLC25A44,SLC25A44,Homo,sapiens,solute,carrier,family,25,member,44(SLC25A44),,,,,
AP5S1,AP5S1,Homo,sapiens,adaptor,related,protein,complex,5,subunit,sigma,1(AP5S1),,,
KPNA1,KPNA1,Homo,sapiens,karyopherin,subunit,alpha,1(KPNA1),,,,,,,
FBXW4,FBXW4,Homo,sapiens,F-box,and,WD,repeat,domain,containing,4(FBXW4),,,,
CSGALNACT1,CSGALNACT1,Homo,sapiens,chondroitin,sulfate,N-acetylgalactosaminyltransferase,1(CSGALNACT1),,,,,,,
KCNH3,KCNH3,Homo,sapiens,potassium,voltage-gated,channel,subfamily,H,member,3(KCNH3),,,,
FAM86MP,FAM86MP,Homo,sapiens,family,with,sequence,similarity,86,member,"M,",pseudogene(FAM86MP),,,
KMT5C,KMT5C,Homo,sapiens,lysine,methyltransferase,5C(KMT5C),,,,,,,,
CYS1,CYS1,Homo,sapiens,cystin,1(CYS1),,,,,,,,,
ZBTB33,ZBTB33,Homo,sapiens,zinc,finger,and,BTB,domain,containing,33(ZBTB33),,,,
MIR100HG,MIR100HG,Homo,sapiens,mir-100-let-7a-2-mir-125b-1,cluster,host,gene(MIR100HG),,,,,,,
CDC25A,CDC25A,Homo,sapiens,cell,division,cycle,25A(CDC25A),,,,,,,
FAM118B,FAM118B,Homo,sapiens,family,with,sequence,similarity,118,member,B(FAM118B),,,,
ACAP3,ACAP3,Homo,sapiens,ArfGAP,with,"coiled-coil,",ankyrin,repeat,and,PH,domains,3(ACAP3),,
RAB30,RAB30,Homo,sapiens,"RAB30,",member,RAS,oncogene,family(RAB30),,,,,,
MSH2,MSH2,Homo,sapiens,mutS,homolog,2(MSH2),,,,,,,,
SLC9A7,SLC9A7,Homo,sapiens,solute,carrier,family,9,member,A7(SLC9A7),,,,,
SRSF2,SRSF2,Homo,sapiens,serine,and,arginine,rich,splicing,factor,2(SRSF2),,,,
ADNP,ADNP,Homo,sapiens,activity,dependent,neuroprotector,homeobox(ADNP),,,,,,,
ANKRD36B,ANKRD36B,Homo,sapiens,ankyrin,repeat,domain,36B(ANKRD36B),,,,,,,
TRABD2A,TRABD2A,Homo,sapiens,TraB,domain,containing,2A(TRABD2A),,,,,,,
SHC2,SHC2,Homo,sapiens,SHC,adaptor,protein,2(SHC2),,,,,,,
ZC4H2,ZC4H2,Homo,sapiens,zinc,finger,C4H2-type,containing(ZC4H2),,,,,,,
SPATA2,SPATA2,Homo,sapiens,spermatogenesis,associated,2(SPATA2),,,,,,,,
NREP,NREP,Homo,sapiens,neuronal,regeneration,related,protein(NREP),,,,,,,
SNN,SNN,Homo,sapiens,stannin(SNN),,,,,,,,,,
CRNDE,CRNDE,Homo,sapiens,colorectal,neoplasia,differentially,expressed(CRNDE),,,,,,,
ORC2,ORC2,Homo,sapiens,origin,recognition,complex,subunit,2(ORC2),,,,,,
STK38,STK38,Homo,sapiens,serine/threonine,kinase,38(STK38),,,,,,,,
ANKRD10,ANKRD10,Homo,sapiens,ankyrin,repeat,domain,10(ANKRD10),,,,,,,
IGFBP7,IGFBP7,Homo,sapiens,insulin,like,growth,factor,binding,protein,7(IGFBP7),,,,
ZNF786,ZNF786,Homo,sapiens,zinc,finger,protein,786(ZNF786),,,,,,,
BCL2L14,BCL2L14,Homo,sapiens,BCL2,like,14(BCL2L14),,,,,,,,
ZBTB18,ZBTB18,Homo,sapiens,zinc,finger,and,BTB,domain,containing,18(ZBTB18),,,,
OSBPL9,OSBPL9,Homo,sapiens,oxysterol,binding,protein,like,9(OSBPL9),,,,,,
FN3K,FN3K,Homo,sapiens,fructosamine,3,kinase(FN3K),,,,,,,,
TRAPPC3,TRAPPC3,Homo,sapiens,trafficking,protein,particle,complex,subunit,3(TRAPPC3),,,,,
CHTOP,CHTOP,Homo,sapiens,chromatin,target,of,PRMT1(CHTOP),,,,,,,
TNK1,TNK1,Homo,sapiens,tyrosine,kinase,non,receptor,1(TNK1),,,,,,
SLC4A11,SLC4A11,Homo,sapiens,solute,carrier,family,4,member,11(SLC4A11),,,,,
ZBTB12,ZBTB12,Homo,sapiens,zinc,finger,and,BTB,domain,containing,12(ZBTB12),,,,
CSNK1G2-AS1,CSNK1G2-AS1,Homo,sapiens,CSNK1G2,antisense,RNA,1(CSNK1G2-AS1),,,,,,,
MLXIPL,MLXIPL,Homo,sapiens,MLX,interacting,protein,like(MLXIPL),,,,,,,
G6PC3,G6PC3,Homo,sapiens,glucose-6-phosphatase,catalytic,subunit,3(G6PC3),,,,,,,
ZNF419,ZNF419,Homo,sapiens,zinc,finger,protein,419(ZNF419),,,,,,,
DMXL1,DMXL1,Homo,sapiens,Dmx,like,1(DMXL1),,,,,,,,
CPD,CPD,Homo,sapiens,carboxypeptidase,D(CPD),,,,,,,,,
RCAN3,RCAN3,Homo,sapiens,RCAN,family,member,3(RCAN3),,,,,,,
PLEKHM1,PLEKHM1,Homo,sapiens,pleckstrin,homology,and,RUN,domain,containing,M1(PLEKHM1),,,,
RNF183,RNF183,Homo,sapiens,ring,finger,protein,183(RNF183),,,,,,,
NIT2,NIT2,Homo,sapiens,nitrilase,family,member,2(NIT2),,,,,,,
CNIH4,CNIH4,Homo,sapiens,cornichon,family,AMPA,receptor,auxiliary,protein,4(CNIH4),,,,
KCNK9,KCNK9,Homo,sapiens,potassium,two,pore,domain,channel,subfamily,K,member,9(KCNK9),,
SYCP2,SYCP2,Homo,sapiens,synaptonemal,complex,protein,2(SYCP2),,,,,,,
ZC3H3,ZC3H3,Homo,sapiens,zinc,finger,CCCH-type,containing,3(ZC3H3),,,,,,
ZC3H6,ZC3H6,Homo,sapiens,zinc,finger,CCCH-type,containing,6(ZC3H6),,,,,,
TCIRG1,TCIRG1,Homo,sapiens,T,cell,immune,regulator,"1,",ATPase,H+,transporting,V0,subunit,a3(TCIRG1)
TRO,TRO,Homo,sapiens,trophinin(TRO),,,,,,,,,,
SART1,SART1,Homo,sapiens,spliceosome,associated,factor,"1,",recruiter,of,U4/U6.U5,tri-snRNP(SART1),,,
KIAA1549,KIAA1549,Homo,sapiens,KIAA1549(KIAA1549),,,,,,,,,,
AP1G2,AP1G2,Homo,sapiens,adaptor,related,protein,complex,1,subunit,gamma,2(AP1G2),,,
TRIM68,TRIM68,Homo,sapiens,tripartite,motif,containing,68(TRIM68),,,,,,,
ZNF766,ZNF766,Homo,sapiens,zinc,finger,protein,766(ZNF766),,,,,,,
TRIM65,TRIM65,Homo,sapiens,tripartite,motif,containing,65(TRIM65),,,,,,,
PIGCP1,PIGCP1,Homo,sapiens,phosphatidylinositol,glycan,anchor,biosynthesis,class,C,pseudogene,1(PIGCP1),,,
OVGP1,OVGP1,Homo,sapiens,oviductal,glycoprotein,1(OVGP1),,,,,,,,
BCAS4,BCAS4,Homo,sapiens,breast,carcinoma,amplified,sequence,4(BCAS4),,,,,,
KRTAP5-9,KRTAP5-9,Homo,sapiens,keratin,associated,protein,5-9(KRTAP5-9),,,,,,,
SMIM19,SMIM19,Homo,sapiens,small,integral,membrane,protein,19(SMIM19),,,,,,
ZNF75A,ZNF75A,Homo,sapiens,zinc,finger,protein,75A(ZNF75A),,,,,,,
C1ORF159,C1orf159,Homo,sapiens,chromosome,1,open,reading,frame,159(C1orf159),,,,,
RRM2B,RRM2B,Homo,sapiens,ribonucleotide,reductase,regulatory,TP53,inducible,subunit,M2B(RRM2B),,,,
SAPCD1,SAPCD1,Homo,sapiens,suppressor,APC,domain,containing,1(SAPCD1),,,,,,
TRAF5,TRAF5,Homo,sapiens,TNF,receptor,associated,factor,5(TRAF5),,,,,,
MCM3,MCM3,Homo,sapiens,minichromosome,maintenance,complex,component,3(MCM3),,,,,,
DNAJC9,DNAJC9,Homo,sapiens,DnaJ,heat,shock,protein,family,(Hsp40),member,C9(DNAJC9),,,
LINC00685,LINC00685,Homo,sapiens,long,intergenic,non-protein,coding,RNA,685(LINC00685),,,,,
TRABD,TRABD,Homo,sapiens,TraB,domain,containing(TRABD),,,,,,,,
NLGN3,NLGN3,Homo,sapiens,neuroligin,3(NLGN3),,,,,,,,,
PLEKHH3,PLEKHH3,Homo,sapiens,pleckstrin,"homology,",MyTH4,and,FERM,domain,containing,H3(PLEKHH3),,,
NUFIP2,NUFIP2,Homo,sapiens,nuclear,FMR1,interacting,protein,2(NUFIP2),,,,,,
NDUFB4,NDUFB4,Homo,sapiens,NADH:ubiquinone,oxidoreductase,subunit,B4(NDUFB4),,,,,,,
SEMA3G,SEMA3G,Homo,sapiens,semaphorin,3G(SEMA3G),,,,,,,,,
LMF2,LMF2,Homo,sapiens,lipase,maturation,factor,2(LMF2),,,,,,,
LMF1,LMF1,Homo,sapiens,lipase,maturation,factor,1(LMF1),,,,,,,
HDAC7,HDAC7,Homo,sapiens,histone,deacetylase,7(HDAC7),,,,,,,,
ABLIM2,ABLIM2,Homo,sapiens,actin,binding,LIM,protein,family,member,2(ABLIM2),,,,
FIP1L1,FIP1L1,Homo,sapiens,factor,interacting,with,PAPOLA,and,CPSF1(FIP1L1),,,,,
ZNF749,ZNF749,Homo,sapiens,zinc,finger,protein,749(ZNF749),,,,,,,
BAHD1,BAHD1,Homo,sapiens,bromo,adjacent,homology,domain,containing,1(BAHD1),,,,,
POLR2D,POLR2D,Homo,sapiens,RNA,polymerase,II,subunit,D(POLR2D),,,,,,
D2HGDH,D2HGDH,Homo,sapiens,D-2-hydroxyglutarate,dehydrogenase(D2HGDH),,,,,,,,,
SLC25A25,SLC25A25,Homo,sapiens,solute,carrier,family,25,member,25(SLC25A25),,,,,
NDUFA7,NDUFA7,Homo,sapiens,NADH:ubiquinone,oxidoreductase,subunit,A7(NDUFA7),,,,,,,
RNF26,RNF26,Homo,sapiens,ring,finger,protein,26(RNF26),,,,,,,
TMEM256-PLSCR3,TMEM256-PLSCR3,Homo,sapiens,TMEM256-PLSCR3,readthrough,(NMD,candidate)(TMEM256-PLSCR3),,,,,,,
PRRX2,PRRX2,Homo,sapiens,paired,related,homeobox,2(PRRX2),,,,,,,
KIAA0232,KIAA0232,Homo,sapiens,KIAA0232(KIAA0232),,,,,,,,,,
RPRD2,RPRD2,Homo,sapiens,regulation,of,nuclear,pre-mRNA,domain,containing,2(RPRD2),,,,
CEACAM19,CEACAM19,Homo,sapiens,CEA,cell,adhesion,molecule,19(CEACAM19),,,,,,
KBTBD11,KBTBD11,Homo,sapiens,kelch,repeat,and,BTB,domain,containing,11(KBTBD11),,,,
REC8,REC8,Homo,sapiens,REC8,meiotic,recombination,protein(REC8),,,,,,,
GSTZ1,GSTZ1,Homo,sapiens,glutathione,S-transferase,zeta,1(GSTZ1),,,,,,,
DBNDD1,DBNDD1,Homo,sapiens,dysbindin,domain,containing,1(DBNDD1),,,,,,,
APOC1,APOC1,Homo,sapiens,apolipoprotein,C1(APOC1),,,,,,,,,
OCIAD1,OCIAD1,Homo,sapiens,OCIA,domain,containing,1(OCIAD1),,,,,,,
ZNF852,ZNF852,Homo,sapiens,zinc,finger,protein,852(ZNF852),,,,,,,
C8ORF76,C8orf76,Homo,sapiens,chromosome,8,open,reading,frame,76(C8orf76),,,,,
TBATA,TBATA,Homo,sapiens,"thymus,",brain,and,testes,associated(TBATA),,,,,,
SLC25A36,SLC25A36,Homo,sapiens,solute,carrier,family,25,member,36(SLC25A36),,,,,
VIPR1,VIPR1,Homo,sapiens,vasoactive,intestinal,peptide,receptor,1(VIPR1),,,,,,
RN7SL834P,RN7SL834P,Homo,sapiens,"RNA,","7SL,",cytoplasmic,"834,",pseudogene(RN7SL834P),,,,,,
AHCYL1,AHCYL1,Homo,sapiens,adenosylhomocysteinase,like,1(AHCYL1),,,,,,,,
ZMYND8,ZMYND8,Homo,sapiens,zinc,finger,MYND-type,containing,8(ZMYND8),,,,,,
SCARNA2,SCARNA2,Homo,sapiens,small,Cajal,body-specific,RNA,2(SCARNA2),,,,,,
DDX60L,DDX60L,Homo,sapiens,DExD/H-box,60,like(DDX60L),,,,,,,,
GOLGA2,GOLGA2,Homo,sapiens,golgin,A2(GOLGA2),,,,,,,,,
ZNF608,ZNF608,Homo,sapiens,zinc,finger,protein,608(ZNF608),,,,,,,
SPATA21,SPATA21,Homo,sapiens,spermatogenesis,associated,21(SPATA21),,,,,,,,
YBX1P10,YBX1P10,Homo,sapiens,Y-box,binding,protein,1,pseudogene,10(YBX1P10),,,,,
ZNF600,ZNF600,Homo,sapiens,zinc,finger,protein,600(ZNF600),,,,,,,
PTGFRN,PTGFRN,Homo,sapiens,prostaglandin,F2,receptor,inhibitor(PTGFRN),,,,,,,
SCML2P2,SCML2P2,Homo,sapiens,SCML2,pseudogene,2(SCML2P2),,,,,,,,
ARL6IP6,ARL6IP6,Homo,sapiens,ADP,ribosylation,factor,like,GTPase,6,interacting,protein,6(ARL6IP6),,
ATP6V1G1,ATP6V1G1,Homo,sapiens,ATPase,H+,transporting,V1,subunit,G1(ATP6V1G1),,,,,
COG8,COG8,Homo,sapiens,component,of,oligomeric,golgi,complex,8(COG8),,,,,
CCDC78,CCDC78,Homo,sapiens,coiled-coil,domain,containing,78(CCDC78),,,,,,,
COG4,COG4,Homo,sapiens,component,of,oligomeric,golgi,complex,4(COG4),,,,,
ACSL6,ACSL6,Homo,sapiens,acyl-CoA,synthetase,long,chain,family,member,6(ACSL6),,,,
ANK1,ANK1,Homo,sapiens,ankyrin,1(ANK1),,,,,,,,,
SHTN1,SHTN1,Homo,sapiens,shootin,1(SHTN1),,,,,,,,,
KEL,KEL,Homo,sapiens,Kell,metallo-endopeptidase,(Kell,blood,group)(KEL),,,,,,
ULK2,ULK2,Homo,sapiens,unc-51,like,autophagy,activating,kinase,2(ULK2),,,,,
ALPK2,ALPK2,Homo,sapiens,alpha,kinase,2(ALPK2),,,,,,,,
ALPK1,ALPK1,Homo,sapiens,alpha,kinase,1(ALPK1),,,,,,,,
KCTD18,KCTD18,Homo,sapiens,potassium,channel,tetramerization,domain,containing,18(KCTD18),,,,,
RWDD2B,RWDD2B,Homo,sapiens,RWD,domain,containing,2B(RWDD2B),,,,,,,
TMEM63A,TMEM63A,Homo,sapiens,transmembrane,protein,63A(TMEM63A),,,,,,,,
RRAD,RRAD,Homo,sapiens,"RRAD,",Ras,related,glycolysis,inhibitor,and,calcium,channel,regulator(RRAD),,
IGSF1,IGSF1,Homo,sapiens,immunoglobulin,superfamily,member,1(IGSF1),,,,,,,
SLC22A1,SLC22A1,Homo,sapiens,solute,carrier,family,22,member,1(SLC22A1),,,,,
STXBP2,STXBP2,Homo,sapiens,syntaxin,binding,protein,2(STXBP2),,,,,,,
LHB,LHB,Homo,sapiens,luteinizing,hormone,subunit,beta(LHB),,,,,,,
MGST2,MGST2,Homo,sapiens,microsomal,glutathione,S-transferase,2(MGST2),,,,,,,
RPS3AP43,RPS3AP43,Homo,sapiens,RPS3A,pseudogene,43(RPS3AP43),,,,,,,,
PGBD1,PGBD1,Homo,sapiens,piggyBac,transposable,element,derived,1(PGBD1),,,,,,
NKAIN1,NKAIN1,Homo,sapiens,sodium/potassium,transporting,ATPase,interacting,1(NKAIN1),,,,,,
PTDSS1,PTDSS1,Homo,sapiens,phosphatidylserine,synthase,1(PTDSS1),,,,,,,,
BRIP1,BRIP1,Homo,sapiens,BRCA1,interacting,helicase,1(BRIP1),,,,,,,
FAM86B3P,FAM86B3P,Homo,sapiens,family,with,sequence,similarity,86,member,"B3,",pseudogene(FAM86B3P),,,
TSPAN9,TSPAN9,Homo,sapiens,tetraspanin,9(TSPAN9),,,,,,,,,
PCBP4,PCBP4,Homo,sapiens,poly(rC),binding,protein,4(PCBP4),,,,,,,
XRRA1,XRRA1,Homo,sapiens,X-ray,radiation,resistance,associated,1(XRRA1),,,,,,
PCBP2,PCBP2,Homo,sapiens,poly(rC),binding,protein,2(PCBP2),,,,,,,
ZNF823,ZNF823,Homo,sapiens,zinc,finger,protein,823(ZNF823),,,,,,,
B4GALNT3,B4GALNT3,Homo,sapiens,"beta-1,4-N-acetyl-galactosaminyltransferase",3(B4GALNT3),,,,,,,,,
DECR2,DECR2,Homo,sapiens,"2,4-dienoyl-CoA",reductase,2(DECR2),,,,,,,,
TMEM184A,TMEM184A,Homo,sapiens,transmembrane,protein,184A(TMEM184A),,,,,,,,
FER1L4,FER1L4,Homo,sapiens,fer-1,like,family,member,4,(pseudogene)(FER1L4),,,,,
PPP1R21,PPP1R21,Homo,sapiens,protein,phosphatase,1,regulatory,subunit,21(PPP1R21),,,,,
FTH1P1,FTH1P1,Homo,sapiens,ferritin,heavy,chain,1,pseudogene,1(FTH1P1),,,,,
HAL,HAL,Homo,sapiens,histidine,ammonia-lyase(HAL),,,,,,,,,
EEF1A1P25,EEF1A1P25,Homo,sapiens,eukaryotic,translation,elongation,factor,1,alpha,1,pseudogene,25(EEF1A1P25),,
RNU6-1016P,RNU6-1016P,Homo,sapiens,"RNA,",U6,small,nuclear,"1016,",pseudogene(RNU6-1016P),,,,,
BAP1,BAP1,Homo,sapiens,BRCA1,associated,protein,1(BAP1),,,,,,,
DDR1,DDR1,Homo,sapiens,discoidin,domain,receptor,tyrosine,kinase,1(DDR1),,,,,
MRPS15,MRPS15,Homo,sapiens,mitochondrial,ribosomal,protein,S15(MRPS15),,,,,,,
ACY1,ACY1,Homo,sapiens,aminoacylase,1(ACY1),,,,,,,,,
SLC35F5,SLC35F5,Homo,sapiens,solute,carrier,family,35,member,F5(SLC35F5),,,,,
ICA1,ICA1,Homo,sapiens,islet,cell,autoantigen,1(ICA1),,,,,,,
TNFRSF13C,TNFRSF13C,Homo,sapiens,TNF,receptor,superfamily,member,13C(TNFRSF13C),,,,,,
HBD,HBD,Homo,sapiens,hemoglobin,subunit,delta(HBD),,,,,,,,
HBD,HBD,Homo,sapiens,hypophosphatemic,bone,disease(HBD),,,,,,,,
QRFP,QRFP,Homo,sapiens,pyroglutamylated,RFamide,peptide(QRFP),,,,,,,,
ZNF808,ZNF808,Homo,sapiens,zinc,finger,protein,808(ZNF808),,,,,,,
HINT2,HINT2,Homo,sapiens,histidine,triad,nucleotide,binding,protein,2(HINT2),,,,,
ZMYM2,ZMYM2,Homo,sapiens,zinc,finger,MYM-type,containing,2(ZMYM2),,,,,,
SLC22A18,SLC22A18,Homo,sapiens,solute,carrier,family,22,member,18(SLC22A18),,,,,
DHX16,DHX16,Homo,sapiens,DEAH-box,helicase,16(DHX16),,,,,,,,
ACADM,ACADM,Homo,sapiens,acyl-CoA,dehydrogenase,medium,chain(ACADM),,,,,,,
RALGPS1,RALGPS1,Homo,sapiens,Ral,GEF,with,PH,domain,and,SH3,binding,motif,1(RALGPS1),
TMED4,TMED4,Homo,sapiens,transmembrane,p24,trafficking,protein,4(TMED4),,,,,,
NDEL1,NDEL1,Homo,sapiens,nudE,neurodevelopment,protein,1,like,1(NDEL1),,,,,
IL15,IL15,Homo,sapiens,interleukin,15(IL15),,,,,,,,,
TOP3A,TOP3A,Homo,sapiens,DNA,topoisomerase,III,alpha(TOP3A),,,,,,,
COMMD2,COMMD2,Homo,sapiens,COMM,domain,containing,2(COMMD2),,,,,,,
C17ORF80,C17orf80,Homo,sapiens,chromosome,17,open,reading,frame,80(C17orf80),,,,,
NME2,NME2,Homo,sapiens,NME/NM23,nucleoside,diphosphate,kinase,2(NME2),,,,,,
ANO9,ANO9,Homo,sapiens,anoctamin,9(ANO9),,,,,,,,,
YBX1P1,YBX1P1,Homo,sapiens,Y-box,binding,protein,1,pseudogene,1(YBX1P1),,,,,
GPBAR1,GPBAR1,Homo,sapiens,G,protein-coupled,bile,acid,receptor,1(GPBAR1),,,,,
BTN3A2,BTN3A2,Homo,sapiens,butyrophilin,subfamily,3,member,A2(BTN3A2),,,,,,
UCHL3,UCHL3,Homo,sapiens,ubiquitin,C-terminal,hydrolase,L3(UCHL3),,,,,,,
SYN1,SYN1,Homo,sapiens,synapsin,I(SYN1),,,,,,,,,
HNRNPUP1,HNRNPUP1,Homo,sapiens,heterogeneous,nuclear,ribonucleoprotein,U,pseudogene,1(HNRNPUP1),,,,,
CNKSR1,CNKSR1,Homo,sapiens,connector,enhancer,of,kinase,suppressor,of,Ras,1(CNKSR1),,,
RAD51C,RAD51C,Homo,sapiens,RAD51,paralog,C(RAD51C),,,,,,,,
SCNM1,SCNM1,Homo,sapiens,sodium,channel,modifier,1(SCNM1),,,,,,,
PITPNM2,PITPNM2,Homo,sapiens,phosphatidylinositol,transfer,protein,membrane,associated,2(PITPNM2),,,,,
EIF1AXP1,EIF1AXP1,Homo,sapiens,EIF1AX,pseudogene,1(EIF1AXP1),,,,,,,,
MATN2,MATN2,Homo,sapiens,matrilin,2(MATN2),,,,,,,,,
AMER1,AMER1,Homo,sapiens,APC,membrane,recruitment,protein,1(AMER1),,,,,,
PNCK,PNCK,Homo,sapiens,pregnancy,up-regulated,nonubiquitous,CaM,kinase(PNCK),,,,,,
C17ORF58,C17orf58,Homo,sapiens,chromosome,17,open,reading,frame,58(C17orf58),,,,,
PTS,PTS,Homo,sapiens,6-pyruvoyltetrahydropterin,synthase(PTS),,,,,,,,,
RASIP1,RASIP1,Homo,sapiens,Ras,interacting,protein,1(RASIP1),,,,,,,
HIRA,HIRA,Homo,sapiens,histone,cell,cycle,regulator(HIRA),,,,,,,
ARVCF,ARVCF,Homo,sapiens,ARVCF,delta,catenin,family,member(ARVCF),,,,,,
ALG1L13P,ALG1L13P,Homo,sapiens,ALG1,like,"13,",pseudogene(ALG1L13P),,,,,,,
PDZD11,PDZD11,Homo,sapiens,PDZ,domain,containing,11(PDZD11),,,,,,,
SUDS3P1,SUDS3P1,Homo,sapiens,SDS3,"homolog,",SIN3A,corepressor,complex,component,pseudogene,1(SUDS3P1),,,
EXOSC9,EXOSC9,Homo,sapiens,exosome,component,9(EXOSC9),,,,,,,,
EXOSC8,EXOSC8,Homo,sapiens,exosome,component,8(EXOSC8),,,,,,,,
METTL6,METTL6,Homo,sapiens,methyltransferase,"6,",tRNA,N3-cytidine(METTL6),,,,,,,
EXOSC3,EXOSC3,Homo,sapiens,exosome,component,3(EXOSC3),,,,,,,,
METTL9,METTL9,Homo,sapiens,methyltransferase,"9,",His-X-His,N1(pi)-histidine(METTL9),,,,,,,
MAP4K4,MAP4K4,Homo,sapiens,mitogen-activated,protein,kinase,kinase,kinase,kinase,4(MAP4K4),,,,
CBR3,CBR3,Homo,sapiens,carbonyl,reductase,3(CBR3),,,,,,,,
GDF11,GDF11,Homo,sapiens,growth,differentiation,factor,11(GDF11),,,,,,,
OLAH,OLAH,Homo,sapiens,oleoyl-ACP,hydrolase(OLAH),,,,,,,,,
CDX2,CDX2,Homo,sapiens,caudal,type,homeobox,2(CDX2),,,,,,,
PLEKHA3,PLEKHA3,Homo,sapiens,pleckstrin,homology,domain,containing,A3(PLEKHA3),,,,,,
ETAA1,ETAA1,Homo,sapiens,ETAA1,activator,of,ATR,kinase(ETAA1),,,,,,
TFAP4,TFAP4,Homo,sapiens,transcription,factor,AP-4(TFAP4),,,,,,,,
PDP2,PDP2,Homo,sapiens,pyruvate,dehydrogenase,phosphatase,catalytic,subunit,2(PDP2),,,,,
MIS18A,MIS18A,Homo,sapiens,MIS18,kinetochore,protein,A(MIS18A),,,,,,,
CCNG1,CCNG1,Homo,sapiens,cyclin,G1(CCNG1),,,,,,,,,
FAS,FAS,Homo,sapiens,Fas,cell,surface,death,receptor(FAS),,,,,,
IL17B,IL17B,Homo,sapiens,interleukin,17B(IL17B),,,,,,,,,
PNPLA2,PNPLA2,Homo,sapiens,patatin,like,phospholipase,domain,containing,2(PNPLA2),,,,,
NEK11,NEK11,Homo,sapiens,NIMA,related,kinase,11(NEK11),,,,,,,
TAMM41,TAMM41,Homo,sapiens,TAM41,mitochondrial,translocator,assembly,and,maintenance,homolog(TAMM41),,,,
UBXN2A,UBXN2A,Homo,sapiens,UBX,domain,protein,2A(UBXN2A),,,,,,,
CCER2,CCER2,Homo,sapiens,coiled-coil,glutamate,rich,protein,2(CCER2),,,,,,
SRP14,SRP14,Homo,sapiens,signal,recognition,particle,14(SRP14),,,,,,,
ESPN,ESPN,Homo,sapiens,espin(ESPN),,,,,,,,,,
HSPD1P11,HSPD1P11,Homo,sapiens,heat,shock,protein,family,D,(Hsp60),member,1,pseudogene,11(HSPD1P11),
LOXL1,LOXL1,Homo,sapiens,lysyl,oxidase,like,1(LOXL1),,,,,,,
CAPN8,CAPN8,Homo,sapiens,calpain,8(CAPN8),,,,,,,,,
EME2,EME2,Homo,sapiens,essential,meiotic,structure-specific,endonuclease,subunit,2(EME2),,,,,
KHSRP,KHSRP,Homo,sapiens,KH-type,splicing,regulatory,protein(KHSRP),,,,,,,
TEKT5,TEKT5,Homo,sapiens,tektin,5(TEKT5),,,,,,,,,
SEC13P1,SEC13P1,Homo,sapiens,SEC13,"homolog,",nuclear,pore,and,COPII,coat,complex,component,pseudogene,1(SEC13P1)
LMO1,LMO1,Homo,sapiens,LIM,domain,only,1(LMO1),,,,,,,
EOMES,EOMES,Homo,sapiens,eomesodermin(EOMES),,,,,,,,,,
LMO4,LMO4,Homo,sapiens,LIM,domain,only,4(LMO4),,,,,,,
ZGRF1,ZGRF1,Homo,sapiens,zinc,finger,GRF-type,containing,1(ZGRF1),,,,,,
OSR1,OSR1,Homo,sapiens,odd-skipped,related,transcription,factor,1(OSR1),,,,,,
TOMM34,TOMM34,Homo,sapiens,translocase,of,outer,mitochondrial,membrane,34(TOMM34),,,,,
SDHC,SDHC,Homo,sapiens,succinate,dehydrogenase,complex,subunit,C(SDHC),,,,,,
LMO7,LMO7,Homo,sapiens,LIM,domain,7(LMO7),,,,,,,,
GEM,GEM,Homo,sapiens,GTP,binding,protein,overexpressed,in,skeletal,muscle(GEM),,,,
PPIG,PPIG,Homo,sapiens,peptidylprolyl,isomerase,G(PPIG),,,,,,,,
GEMIN8,GEMIN8,Homo,sapiens,gem,nuclear,organelle,associated,protein,8(GEMIN8),,,,,
CARS2,CARS2,Homo,sapiens,cysteinyl-tRNA,synthetase,"2,",mitochondrial(CARS2),,,,,,,
PPIC,PPIC,Homo,sapiens,peptidylprolyl,isomerase,C(PPIC),,,,,,,,
FBLN7,FBLN7,Homo,sapiens,fibulin,7(FBLN7),,,,,,,,,
USP54,USP54,Homo,sapiens,ubiquitin,specific,peptidase,54(USP54),,,,,,,
DIABLO,DIABLO,Homo,sapiens,diablo,IAP-binding,mitochondrial,protein(DIABLO),,,,,,,
UBA6,UBA6,Homo,sapiens,ubiquitin,like,modifier,activating,enzyme,6(UBA6),,,,,
CCDC146,CCDC146,Homo,sapiens,coiled-coil,domain,containing,146(CCDC146),,,,,,,
SLC41A1,SLC41A1,Homo,sapiens,solute,carrier,family,41,member,1(SLC41A1),,,,,
DTX1,DTX1,Homo,sapiens,deltex,E3,ubiquitin,ligase,1(DTX1),,,,,,
TRHDE,TRHDE,Homo,sapiens,thyrotropin,releasing,hormone,degrading,enzyme(TRHDE),,,,,,
LPP,LPP,Homo,sapiens,LIM,domain,containing,preferred,translocation,partner,in,lipoma(LPP),,,
PLD3,PLD3,Homo,sapiens,phospholipase,D,family,member,3(PLD3),,,,,,
NUP160,NUP160,Homo,sapiens,nucleoporin,160(NUP160),,,,,,,,,
ZMAT1,ZMAT1,Homo,sapiens,zinc,finger,matrin-type,1(ZMAT1),,,,,,,
CALHM2,CALHM2,Homo,sapiens,calcium,homeostasis,modulator,family,member,2(CALHM2),,,,,
DPP7,DPP7,Homo,sapiens,dipeptidyl,peptidase,7(DPP7),,,,,,,,
AANAT,AANAT,Homo,sapiens,aralkylamine,N-acetyltransferase(AANAT),,,,,,,,,
THPO,THPO,Homo,sapiens,thrombopoietin(THPO),,,,,,,,,,
CAMTA1,CAMTA1,Homo,sapiens,calmodulin,binding,transcription,activator,1(CAMTA1),,,,,,
ASIC3,ASIC3,Homo,sapiens,acid,sensing,ion,channel,subunit,3(ASIC3),,,,,
ASIC1,ASIC1,Homo,sapiens,acid,sensing,ion,channel,subunit,1(ASIC1),,,,,
CPSF6,CPSF6,Homo,sapiens,cleavage,and,polyadenylation,specific,factor,6(CPSF6),,,,,
HBG2,HBG2,Homo,sapiens,hemoglobin,subunit,gamma,2(HBG2),,,,,,,
UQCC2,UQCC2,Homo,sapiens,ubiquinol-cytochrome,c,reductase,complex,assembly,factor,2(UQCC2),,,,
WNT3A,WNT3A,Homo,sapiens,Wnt,family,member,3A(WNT3A),,,,,,,
PHF11,PHF11,Homo,sapiens,PHD,finger,protein,11(PHF11),,,,,,,
KLHL22,KLHL22,Homo,sapiens,kelch,like,family,member,22(KLHL22),,,,,,
NMRAL1,NMRAL1,Homo,sapiens,NmrA,like,redox,sensor,1(NMRAL1),,,,,,
DIAPH2,DIAPH2,Homo,sapiens,diaphanous,related,formin,2(DIAPH2),,,,,,,
UVSSA,UVSSA,Homo,sapiens,UV,stimulated,scaffold,protein,A(UVSSA),,,,,,
CYP4F35P,CYP4F35P,Homo,sapiens,cytochrome,P450,family,4,subfamily,F,member,"35,",pseudogene(CYP4F35P),,
GNAS,GNAS,Homo,sapiens,GNAS,complex,locus(GNAS),,,,,,,,
CYP4F23P,CYP4F23P,Homo,sapiens,cytochrome,P450,family,4,subfamily,F,member,"23,",pseudogene(CYP4F23P),,
BRWD1,BRWD1,Homo,sapiens,bromodomain,and,WD,repeat,domain,containing,1(BRWD1),,,,
FGFR4,FGFR4,Homo,sapiens,fibroblast,growth,factor,receptor,4(FGFR4),,,,,,
MUC20,MUC20,Homo,sapiens,mucin,"20,",cell,surface,associated(MUC20),,,,,,
PHF19,PHF19,Homo,sapiens,PHD,finger,protein,19(PHF19),,,,,,,
GPSM1,GPSM1,Homo,sapiens,G,protein,signaling,modulator,1(GPSM1),,,,,,
DYRK4,DYRK4,Homo,sapiens,dual,specificity,tyrosine,phosphorylation,regulated,kinase,4(DYRK4),,,,
GSK3A,GSK3A,Homo,sapiens,glycogen,synthase,kinase,3,alpha(GSK3A),,,,,,
DIAPH2-AS1,DIAPH2-AS1,Homo,sapiens,DIAPH2,antisense,RNA,1(DIAPH2-AS1),,,,,,,
GTDC1,GTDC1,Homo,sapiens,glycosyltransferase,like,domain,containing,1(GTDC1),,,,,,
YBX1,YBX1,Homo,sapiens,Y-box,binding,protein,1(YBX1),,,,,,,
USP39,USP39,Homo,sapiens,ubiquitin,specific,peptidase,39(USP39),,,,,,,
DMKN,DMKN,Homo,sapiens,dermokine(DMKN),,,,,,,,,,
SENP5,SENP5,Homo,sapiens,SUMO,specific,peptidase,5(SENP5),,,,,,,
BCL7A,BCL7A,Homo,sapiens,BAF,chromatin,remodeling,complex,subunit,BCL7A(BCL7A),,,,,
CA3,CA3,Homo,sapiens,carbonic,anhydrase,3(CA3),,,,,,,,
MFSD3,MFSD3,Homo,sapiens,major,facilitator,superfamily,domain,containing,3(MFSD3),,,,,
OR2A1-AS1,OR2A1-AS1,Homo,sapiens,OR2A1,antisense,RNA,1(OR2A1-AS1),,,,,,,
GUSB,GUSB,Homo,sapiens,glucuronidase,beta(GUSB),,,,,,,,,
POLH,POLH,Homo,sapiens,DNA,polymerase,eta(POLH),,,,,,,,
RHBDF1,RHBDF1,Homo,sapiens,rhomboid,5,homolog,1(RHBDF1),,,,,,,
KLF10,KLF10,Homo,sapiens,KLF,transcription,factor,10(KLF10),,,,,,,
ABCC3,ABCC3,Homo,sapiens,ATP,binding,cassette,subfamily,C,member,3(ABCC3),,,,
HNRNPA1P14,HNRNPA1P14,Homo,sapiens,heterogeneous,nuclear,ribonucleoprotein,A1,pseudogene,14(HNRNPA1P14),,,,,
KLF12,KLF12,Homo,sapiens,KLF,transcription,factor,12(KLF12),,,,,,,
NCBP1,NCBP1,Homo,sapiens,nuclear,cap,binding,protein,subunit,1(NCBP1),,,,,
IQCD,IQCD,Homo,sapiens,IQ,motif,containing,D(IQCD),,,,,,,
SENP3,SENP3,Homo,sapiens,SUMO,specific,peptidase,3(SENP3),,,,,,,
EPN2,EPN2,Homo,sapiens,epsin,2(EPN2),,,,,,,,,
ZAR1,ZAR1,Homo,sapiens,zygote,arrest,1(ZAR1),,,,,,,,
ZAP70,ZAP70,Homo,sapiens,zeta,chain,of,T,cell,receptor,associated,protein,kinase,70(ZAP70),
NDUFS8,NDUFS8,Homo,sapiens,NADH:ubiquinone,oxidoreductase,core,subunit,S8(NDUFS8),,,,,,
B4GALT5,B4GALT5,Homo,sapiens,"beta-1,4-galactosyltransferase",5(B4GALT5),,,,,,,,,
LAMA5,LAMA5,Homo,sapiens,laminin,subunit,alpha,5(LAMA5),,,,,,,
RGS16,RGS16,Homo,sapiens,regulator,of,G,protein,signaling,16(RGS16),,,,,
PDXP,PDXP,Homo,sapiens,pyridoxal,phosphatase(PDXP),,,,,,,,,
PRELP,PRELP,Homo,sapiens,proline,and,arginine,rich,end,leucine,rich,repeat,protein(PRELP),,
AGPAT1,AGPAT1,Homo,sapiens,1-acylglycerol-3-phosphate,O-acyltransferase,1(AGPAT1),,,,,,,,
TFPI,TFPI,Homo,sapiens,tissue,factor,pathway,inhibitor(TFPI),,,,,,,
UACA,UACA,Homo,sapiens,uveal,autoantigen,with,coiled-coil,domains,and,ankyrin,repeats(UACA),,,
C4ORF33,C4orf33,Homo,sapiens,chromosome,4,open,reading,frame,33(C4orf33),,,,,
NXF3,NXF3,Homo,sapiens,nuclear,RNA,export,factor,3(NXF3),,,,,,
ERBB3,ERBB3,Homo,sapiens,erb-b2,receptor,tyrosine,kinase,3(ERBB3),,,,,,
SNORA12,SNORA12,Homo,sapiens,small,nucleolar,"RNA,",H/ACA,box,12(SNORA12),,,,,
GBP1,GBP1,Homo,sapiens,guanylate,binding,protein,1(GBP1),,,,,,,
HES4,HES4,Homo,sapiens,hes,family,bHLH,transcription,factor,4(HES4),,,,,
SPEN,SPEN,Homo,sapiens,spen,family,transcriptional,repressor(SPEN),,,,,,,
TCF7L2,TCF7L2,Homo,sapiens,transcription,factor,7,like,2(TCF7L2),,,,,,
TAF15,TAF15,Homo,sapiens,TATA-box,binding,protein,associated,factor,15(TAF15),,,,,
LAMB2,LAMB2,Homo,sapiens,laminin,subunit,beta,2(LAMB2),,,,,,,
LGI3,LGI3,Homo,sapiens,leucine,rich,repeat,LGI,family,member,3(LGI3),,,,
SGTA,SGTA,Homo,sapiens,small,glutamine,rich,tetratricopeptide,repeat,co-chaperone,alpha(SGTA),,,,
SCIMP,SCIMP,Homo,sapiens,SLP,adaptor,and,CSK,interacting,membrane,protein(SCIMP),,,,
TICRR,TICRR,Homo,sapiens,TOPBP1,interacting,checkpoint,and,replication,regulator(TICRR),,,,,
XPNPEP1,XPNPEP1,Homo,sapiens,X-prolyl,aminopeptidase,1(XPNPEP1),,,,,,,,
XPNPEP3,XPNPEP3,Homo,sapiens,X-prolyl,aminopeptidase,3(XPNPEP3),,,,,,,,
SNTB1,SNTB1,Homo,sapiens,syntrophin,beta,1(SNTB1),,,,,,,,
